id,autores,autor_1,autor_2,autor_3,autor_4,autor_5,autor_6,autor_7,autor_8,autor_9,autor_10,autor_11,autor_12,autor_13
1,del Valle M.,del Valle M.,,,,,,,,,,,,
2,de Morales A.,de Morales A.,,,,,,,,,,,,
3,"van Lindert P.,Verkoren O.",van Lindert P.,Verkoren O.,,,,,,,,,,,
4,Arduz G.,Arduz G.,,,,,,,,,,,,
5,Laserna R.,Laserna R.,,,,,,,,,,,,
6,de Echazu M.,de Echazu M.,,,,,,,,,,,,
7,Chacon M.,Chacon M.,,,,,,,,,,,,
8,Roca J.,Roca J.,,,,,,,,,,,,
9,"Pereira Morato R.,Zambrana D.",Pereira Morato R.,Zambrana D.,,,,,,,,,,,
10,Maclean A.,Maclean A.,,,,,,,,,,,,
11,Santos R.,Santos R.,,,,,,,,,,,,
12,Clave L.,Clave L.,,,,,,,,,,,,
13,Pereira Morato R.,Pereira Morato R.,,,,,,,,,,,,
14,Pereira Morato R.,Pereira Morato R.,,,,,,,,,,,,
15,Vargas H.,Vargas H.,,,,,,,,,,,,
16,Bakewell P.,Bakewell P.,,,,,,,,,,,,
17,Sandoval G.,Sandoval G.,,,,,,,,,,,,
18,Valda E.,Valda E.,,,,,,,,,,,,
19,Escobart de Querejazu L.,Escobart de Querejazu L.,,,,,,,,,,,,
20,Solares H.,Solares H.,,,,,,,,,,,,
21,Archondo R.,Archondo R.,,,,,,,,,,,,
22,Beltran E. ,Beltran E. ,,,,,,,,,,,,
23,Paz Ballivian D.,Paz Ballivian D.,,,,,,,,,,,,
24,Zulawski A.,Zulawski A.,,,,,,,,,,,,
25,Paz Ballivian D.,Paz Ballivian D.,,,,,,,,,,,,
26,"Balboa A.,Altamirano J.",Balboa A.,Altamirano J.,,,,,,,,,,,
27,"Kent R.,Benedetti G.,Guardia E.,Valdivia E.",Kent R.,Benedetti G.,Guardia E.,Valdivia E.,,,,,,,,,
28,Barragan R.,Barragan R.,,,,,,,,,,,,
29,Gordillo J.,Gordillo J.,,,,,,,,,,,,
30,Mendoza G.,Mendoza G.,,,,,,,,,,,,
31,"Mayorga F.,Andia L.,Zegada M.,Saravia J.",Mayorga F.,Andia L.,Zegada M.,Saravia J.,,,,,,,,,
32,Maric M.,Maric M.,,,,,,,,,,,,
33,de la Quintana M.,de la Quintana M.,,,,,,,,,,,,
34,Paz Ballivian D.,Paz Ballivian D.,,,,,,,,,,,,
35,Archondo R.,Archondo R.,,,,,,,,,,,,
36,Szmukler A.,Szmukler A.,,,,,,,,,,,,
37,T'inkazos,T'inkazos,,,,,,,,,,,,
38,Yugar M.,Yugar M.,,,,,,,,,,,,
39,"Lungo M.,Baires S.",Lungo M.,Baires S.,,,,,,,,,,,
40,Rocha J. A.,Rocha J. A.,,,,,,,,,,,,
41,Ricaldi T.,Ricaldi T.,,,,,,,,,,,,
42,"Torrico ER.,Gomez Antonio.,Herrera K.",Torrico ER.,Gomez Antonio.,Herrera K.,,,,,,,,,,
43,T'inkazos,T'inkazos,,,,,,,,,,,,
44,"Guaygua G.,Riveros A.,Quisbert M.",Guaygua G.,Riveros A.,Quisbert M.,,,,,,,,,,
45,"Guaygua G.,Riveros A.,Quisbert M.",Guaygua G.,Riveros A.,Quisbert M.,,,,,,,,,,
46,Auza V.,Auza V.,,,,,,,,,,,,
47,Archondo R.,Archondo R.,,,,,,,,,,,,
48,Ledo C.,Ledo C.,,,,,,,,,,,,
49,Archondo R.,Archondo R.,,,,,,,,,,,,
50,Arze J.,Arze J.,,,,,,,,,,,,
51,"Chavez G.,Gray G.,Querejazu V.,Campero J.,Perez de Rada E.,Arauco V.",Chavez G.,Gray G.,Querejazu V.,Campero J.,Perez de Rada E.,Arauco V.,,,,,,,
52,Guaygua G.,Guaygua G.,,,,,,,,,,,,
53,Salman T.,Salman T.,,,,,,,,,,,,
54,"Kruse T.,Lagos M.",Kruse T.,Lagos M.,,,,,,,,,,,
55,Scholz C.,Scholz C.,,,,,,,,,,,,
56,Vargas H.,Vargas H.,,,,,,,,,,,,
57,Prado F.,Prado F.,,,,,,,,,,,,
58,Pruden H.,Pruden H.,,,,,,,,,,,,
59,Sanchez Echevarria M.,Sanchez Echevarria M.,,,,,,,,,,,,
60,Joaquin Carrido,Joaquin Carrido,,,,,,,,,,,,
61,Tapia Montecinos L.,Tapia Montecinos L.,,,,,,,,,,,,
62,"Lea Plaza S.,Paz A.,Vargas X.,Lea Plaza A.",Lea Plaza S.,Paz A.,Vargas X.,Lea Plaza A.,,,,,,,,,
63,Garcia Linera A.,Garcia Linera A.,,,,,,,,,,,,
64,Andersen E.,Andersen E.,,,,,,,,,,,,
65,Torrez Y.,Torrez Y.,,,,,,,,,,,,
66,"Leon Alvestegui G.,Valdez H.,Vasquez Mamani V.",Leon Alvestegui G.,Valdez H.,Vasquez Mamani V.,,,,,,,,,,
67,"Plaza Dorado S.,Vargas Guardia X.,Plaza Torri A.",Plaza Dorado S.,Vargas Guardia X.,Plaza Torri A.,,,,,,,,,,
68,"Peña Hasbun P.,Barahona R.,Rivero Coimbra L.,Gaya D.",Peña Hasbun P.,Barahona R.,Rivero Coimbra L.,Gaya D.,,,,,,,,,
69,"Ros Izquierdo J.,Combes I.",Ros Izquierdo J.,Combes I.,,,,,,,,,,,
70,Lujan M.,Lujan M.,,,,,,,,,,,,
71,"Garitano-Zavala A.,Gismondi P.",Garitano-Zavala A.,Gismondi P.,,,,,,,,,,,
72,Sandoval G.,Sandoval G.,,,,,,,,,,,,
73,Pereira Morato R.,Pereira Morato R.,,,,,,,,,,,,
74,"Floreas Castro F.,Vasquez J.,Iñiguez E.,Soza Aleman V.",Floreas Castro F.,Vasquez J.,Iñiguez E.,Soza Aleman V.,,,,,,,,,
75,"Quintela M.,Arandia M.,Campos P.",Quintela M.,Arandia M.,Campos P.,,,,,,,,,,
76,Rojas G.,Rojas G.,,,,,,,,,,,,
77,Rozo B.,Rozo B.,,,,,,,,,,,,
78,Exeni J.,Exeni J.,,,,,,,,,,,,
79,Balboa A.,Balboa A.,,,,,,,,,,,,
80,Lacombe Z.,Lacombe Z.,,,,,,,,,,,,
81,Hirsch S.,Hirsch S.,,,,,,,,,,,,
82,Lacombe Z.,Lacombe Z.,,,,,,,,,,,,
83,Moreno Valdivia A.,Moreno Valdivia A.,,,,,,,,,,,,
84,Mamani P.,Mamani P.,,,,,,,,,,,,
85,Sanjines J.,Sanjines J.,,,,,,,,,,,,
86,Soto G.,Soto G.,,,,,,,,,,,,
87,Mamani P.,Mamani P.,,,,,,,,,,,,
88,"Gordillo J.,Garrido J.",Gordillo J.,Garrido J.,,,,,,,,,,,
89,"Ramirez A.,Sanchez W.",Ramirez A.,Sanchez W.,,,,,,,,,,,
90,Regalsky P.,Regalsky P.,,,,,,,,,,,,
91,"Cruz R.,Quintanilla R.,Salomon G.",Cruz R.,Quintanilla R.,Salomon G.,,,,,,,,,,
92,Crespo C.,Crespo C.,,,,,,,,,,,,
93,Vargas G.,Vargas G.,,,,,,,,,,,,
94,Perez L.,Perez L.,,,,,,,,,,,,
95,Ticona E.,Ticona E.,,,,,,,,,,,,
96,"Lopez A.,Jemio Peralta R.,Chuquimia Velez E.",Lopez A.,Jemio Peralta R.,Chuquimia Velez E.,,,,,,,,,,
97,"Peñaranda K.,Flores X.,Arandia A.",Peñaranda K.,Flores X.,Arandia A.,,,,,,,,,,
98,"Arratia O.,Uberhuanga P.,Garcia M.",Arratia O.,Uberhuanga P.,Garcia M.,,,,,,,,,,
99,"Barrientos A.,Benavides M.,Serrano M.",Barrientos A.,Benavides M.,Serrano M.,,,,,,,,,,
100,Amelunge M.,Amelunge M.,,,,,,,,,,,,
101,Komadina J.,Komadina J.,,,,,,,,,,,,
102,Peña C.,Peña C.,,,,,,,,,,,,
103,Pereira Morato R.,Pereira Morato R.,,,,,,,,,,,,
104,Samanamud J.,Samanamud J.,,,,,,,,,,,,
105,"Collazos E.,Gamboa W.,Prado P.,Verardi V.",Collazos E.,Gamboa W.,Prado P.,Verardi V.,,,,,,,,,
106,Blanes J.,Blanes J.,,,,,,,,,,,,
107,"Cajias F.,Barragan R.,Cajias M.,Medinaceli X.",Cajias F.,Barragan R.,Cajias M.,Medinaceli X.,,,,,,,,,
108,"Samanamud J.,Cardenas C.,Prieto P.",Samanamud J.,Cardenas C.,Prieto P.,,,,,,,,,,
109,"Moreno Valdivia A.,Moreno Valdivia I.,Colomo M.",Moreno Valdivia A.,Moreno Valdivia I.,Colomo M.,,,,,,,,,,
110,"Flores Vasquez J.,Herbas Cuevas I.,Huanca Aliaga F.",Flores Vasquez J.,Herbas Cuevas I.,Huanca Aliaga F.,,,,,,,,,,
111,"Yampara Huarachi S.,Mamani Morales S.,Calancha Layme N.",Yampara Huarachi S.,Mamani Morales S.,Calancha Layme N.,,,,,,,,,,
112,"Duran Chuquimia J.,Arias Diaz V.,Rodriguez Caceres G.",Duran Chuquimia J.,Arias Diaz V.,Rodriguez Caceres G.,,,,,,,,,,
113,"Mollericona J.,Tinini N.,Paredes A.",Mollericona J.,Tinini N.,Paredes A.,,,,,,,,,,
114,"Mendez Padilla A.,Perez Sanchez R.",Mendez Padilla A.,Perez Sanchez R.,,,,,,,,,,,
115,"Gordillo J.,Rivera A.,Sulcata A.",Gordillo J.,Rivera A.,Sulcata A.,,,,,,,,,,
116,"Achi A.,Delgado M.",Achi A.,Delgado M.,,,,,,,,,,,
117,"Suarez Coronel E.,Sanchez R.",Suarez Coronel E.,Sanchez R.,,,,,,,,,,,
118,Mollericona J.,Mollericona J.,,,,,,,,,,,,
119,Aillon E.,Aillon E.,,,,,,,,,,,,
120,Bridikhina E.,Bridikhina E.,,,,,,,,,,,,
121,Rodriguez N.,Rodriguez N.,,,,,,,,,,,,
122,Antequera N.,Antequera N.,,,,,,,,,,,,
123,Blanes J.,Blanes J.,,,,,,,,,,,,
124,Esposito C.,Esposito C.,,,,,,,,,,,,
125,Miranda M.,Miranda M.,,,,,,,,,,,,
126,"Alvarez R.,Alzerreca J.,Bolivar H.,Camacho J.,Reque J.,Sejas O",Alvarez R.,Alzerreca J.,Bolivar H.,Camacho J.,Reque J.,Sejas O,,,,,,,
127,Rivas S.,Rivas S.,,,,,,,,,,,,
128,Lopez J.,Lopez J.,,,,,,,,,,,,
129,Bolivar H.,Bolivar H.,,,,,,,,,,,,
130,Antequera N.,Antequera N.,,,,,,,,,,,,
131,Barragan R.,Barragan R.,,,,,,,,,,,,
132,Salazar de la Torre C.,Salazar de la Torre C.,,,,,,,,,,,,
133,"Cardenas C.,Medinaceli X.,Soux M.,Iño W.",Cardenas C.,Medinaceli X.,Soux M.,Iño W.,,,,,,,,,
134,"Barragan R.,Derpic J.",Barragan R.,Derpic J.,,,,,,,,,,,
135,Pereira Morato R.,Pereira Morato R.,,,,,,,,,,,,
136,Gallardo G.,Gallardo G.,,,,,,,,,,,,
137,"Prado F.,Feldis J.,Solares H.,Gallardo G.,Mazurek H.",Prado F.,Feldis J.,Solares H.,Gallardo G.,Mazurek H.,,,,,,,,
138,Prado F.,Prado F.,,,,,,,,,,,,
139,Pereira Morato R.,Pereira Morato R.,,,,,,,,,,,,
140,"Rodriguez Ostria G.,Solares H.,Zabala H.",Rodriguez Ostria G.,Solares H.,Zabala H.,,,,,,,,,,
141,Prado I.,Prado I.,,,,,,,,,,,,
142,Chirino A.,Chirino A.,,,,,,,,,,,,
143,Gordillo J.,Gordillo J.,,,,,,,,,,,,
144,Giraldo C.,Giraldo C.,,,,,,,,,,,,
145,"Revilla C.,Arteaga W.,Esposito C.",Revilla C.,Arteaga W.,Esposito C.,,,,,,,,,,
146,Torrico E.,Torrico E.,,,,,,,,,,,,
147,Antequera N.,Antequera N.,,,,,,,,,,,,
148,Equipo CEDIB,Equipo CEDIB,,,,,,,,,,,,
149,Antequera N.,Antequera N.,,,,,,,,,,,,
150,Roca I.,Roca I.,,,,,,,,,,,,
151,CEDIB,CEDIB,,,,,,,,,,,,
152,Luna Acevedo H.,Luna Acevedo H.,,,,,,,,,,,,
153,Jurado E.,Jurado E.,,,,,,,,,,,,
154,Pereira Morato R.,Pereira Morato R.,,,,,,,,,,,,
155,Bolivar H.,Bolivar H.,,,,,,,,,,,,
156,"Villegas M.,Garitano-Zavala A.",Villegas M.,Garitano-Zavala A.,,,,,,,,,,,
157,Arbona J.,Arbona J.,,,,,,,,,,,,
158,Souchaud S.,Souchaud S.,,,,,,,,,,,,
159,Cordova E.,Cordova E.,,,,,,,,,,,,
160,Cordova E.,Cordova E.,,,,,,,,,,,,
161,Ramirez A.,Ramirez A.,,,,,,,,,,,,
162,Mazurek H.,Mazurek H.,,,,,,,,,,,,
163,"Pattaroni L.,Kaufmann V.,Pedrazzani Y.,Bolay J.,Rabinovich A.",Pattaroni L.,Kaufmann V.,Pedrazzani Y.,Bolay J.,Rabinovich A.,,,,,,,,
164,Pereira Morato R.,Pereira Morato R.,,,,,,,,,,,,
165,Ledo C.,Ledo C.,,,,,,,,,,,,
166,Peña C.,Peña C.,,,,,,,,,,,,
167,"Gordillo J.,Rivera A.",Gordillo J.,Rivera A.,,,,,,,,,,,
168,Barragan R.,Barragan R.,,,,,,,,,,,,
169,Bigenbo M.,Bigenbo M.,,,,,,,,,,,,
170,Prado F.,Prado F.,,,,,,,,,,,,
171,"Roncken T.,Alquizalet O.,Cielo C.,Cespedes R.,Serrudo Y.",Roncken T.,Alquizalet O.,Cielo C.,Cespedes R.,Serrudo Y.,,,,,,,,
172,"Martinelly E.,Choque V.,Martinelly W.",Martinelly E.,Choque V.,Martinelly W.,,,,,,,,,,
173,"Rodriguez Ostria G.,Solares H.,Zabala Canedo M.,Gonzales Sandoval E.",Rodriguez Ostria G.,Solares H.,Zabala Canedo M.,Gonzales Sandoval E.,,,,,,,,,
174,"Mejia G.,Sanchez Patzy M.,Quispe Escobar A.",Mejia G.,Sanchez Patzy M.,Quispe Escobar A.,,,,,,,,,,
175,"Bogado D.,Fabricano A.,Noe Rosales M.",Bogado D.,Fabricano A.,Noe Rosales M.,,,,,,,,,,
176,"Lara A.,Garcia D.,Villca J.",Lara A.,Garcia D.,Villca J.,,,,,,,,,,
177,"Pereira Morato R.,Bridikhina E.,Montaño J.,Blanco R.",Pereira Morato R.,Bridikhina E.,Montaño J.,Blanco R.,,,,,,,,,
178,Peña Hasbun P.,Peña Hasbun P.,,,,,,,,,,,,
179,Prado Robles G.,Prado Robles G.,,,,,,,,,,,,
180,"Saldias E.,Moreira M.",Saldias E.,Moreira M.,,,,,,,,,,,
181,Pinto Mosqueira G.,Pinto Mosqueira G.,,,,,,,,,,,,
182,"Peña Hasbun P.,Barahona R.,Rivero E.,Gaya D.",Peña Hasbun P.,Barahona R.,Rivero E.,Gaya D.,,,,,,,,,
183,"Sandoval D.,Iñiguez E.",Sandoval D.,Iñiguez E.,,,,,,,,,,,
184,"Sandoval D.,Iñiguez E.",Sandoval D.,Iñiguez E.,,,,,,,,,,,
185,Absi P.,Absi P.,,,,,,,,,,,,
186,Rojas G.,Rojas G.,,,,,,,,,,,,
187,Olarte K.,Olarte K.,,,,,,,,,,,,
188,Cielo C.,Cielo C.,,,,,,,,,,,,
189,Peñafiel O.,Peñafiel O.,,,,,,,,,,,,
190,Blanes J.,Blanes J.,,,,,,,,,,,,
191,Revilla C.,Revilla C.,,,,,,,,,,,,
192,Martinelly E.,Martinelly E.,,,,,,,,,,,,
193,"Carazas M.,Icuña S.,Apaza N.",Carazas M.,Icuña S.,Apaza N.,,,,,,,,,,
194,Aleman Vargas L.,Aleman Vargas L.,,,,,,,,,,,,
195,Bolivar H.,Bolivar H.,,,,,,,,,,,,
196,Poupeau F.,Poupeau F.,,,,,,,,,,,,
197,Cajias F.,Cajias F.,,,,,,,,,,,,
198,Bastia T.,Bastia T.,,,,,,,,,,,,
199,Scarborough I.,Scarborough I.,,,,,,,,,,,,
200,Ortiz F.,Ortiz F.,,,,,,,,,,,,
201,Perez J.,Perez J.,,,,,,,,,,,,
202,Nogueira M.,Nogueira M.,,,,,,,,,,,,
203,"Cardenas Plaza R.,Mamani Aruquipa E.,Sejas Rivero S.",Cardenas Plaza R.,Mamani Aruquipa E.,Sejas Rivero S.,,,,,,,,,,
204,"Chirino F.,Jauregui M.,Nelson J.,Hollweg K.",Chirino F.,Jauregui M.,Nelson J.,Hollweg K.,,,,,,,,,
205,Baldivieso D.,Baldivieso D.,,,,,,,,,,,,
206,Brañez P.,Brañez P.,,,,,,,,,,,,
207,Esposito C.,Esposito C.,,,,,,,,,,,,
208,"Cielo C.,Cespedes R.",Cielo C.,Cespedes R.,,,,,,,,,,,
209,"Rodriguez Ostria G.,Solares H.,Zabala M.",Rodriguez Ostria G.,Solares H.,Zabala M.,,,,,,,,,,
210,Calla A.,Calla A.,,,,,,,,,,,,
211,Bogado D.,Bogado D.,,,,,,,,,,,,
212,Torrico E.,Torrico E.,,,,,,,,,,,,
213,Avendaño F.,Avendaño F.,,,,,,,,,,,,
214,Linsalata L.,Linsalata L.,,,,,,,,,,,,
215,"Deledicque M.,Contartese D.",Deledicque M.,Contartese D.,,,,,,,,,,,
216,Yepez O.,Yepez O.,,,,,,,,,,,,
217,Chavez M.,Chavez M.,,,,,,,,,,,,
218,Zibechi R.,Zibechi R.,,,,,,,,,,,,
219,Blanco C.,Blanco C.,,,,,,,,,,,,
220,Equipo de Investigadores del Instituto de Investigaciones de Arquitectura,Equipo de Investigadores del Instituto de Investigaciones de Arquitectura,,,,,,,,,,,,
221,Bolivar H.,Bolivar H.,,,,,,,,,,,,
222,Groulx B.,Groulx B.,,,,,,,,,,,,
223,"Dulon J.,Omonte A.",Dulon J.,Omonte A.,,,,,,,,,,,
224,Solares H.,Solares H.,,,,,,,,,,,,
225,Soruco A.,Soruco A.,,,,,,,,,,,,
226,Soruco X.,Soruco X.,,,,,,,,,,,,
227,Torrico E.,Torrico E.,,,,,,,,,,,,
228,Blanco C.,Blanco C.,,,,,,,,,,,,
229,Salamanca L.,Salamanca L.,,,,,,,,,,,,
230,Mendoza H.,Mendoza H.,,,,,,,,,,,,
231,Maldonado C.,Maldonado C.,,,,,,,,,,,,
232,Landaeta G.,Landaeta G.,,,,,,,,,,,,
233,Zabaleta R.,Zabaleta R.,,,,,,,,,,,,
234,"Benavides M.,Serrano M.",Benavides M.,Serrano M.,,,,,,,,,,,
235,"Mollericona J.,Copa J.,Cadena M.",Mollericona J.,Copa J.,Cadena M.,,,,,,,,,,
236,"Llanque R.,Villca E.",Llanque R.,Villca E.,,,,,,,,,,,
237,"Cielo C.,Vasquez F.",Cielo C.,Vasquez F.,,,,,,,,,,,
238,Antequera N.,Antequera N.,,,,,,,,,,,,
239,Nuñez-Villalba J.,Nuñez-Villalba J.,,,,,,,,,,,,
240,Jorgensen K.,Jorgensen K.,,,,,,,,,,,,
241,Dolph C.,Dolph C.,,,,,,,,,,,,
242,Achi A.,Achi A.,,,,,,,,,,,,
243,Perales V.,Perales V.,,,,,,,,,,,,
244,Zalles A.,Zalles A.,,,,,,,,,,,,
245,Galindo F.,Galindo F.,,,,,,,,,,,,
246,Scarborough I.,Scarborough I.,,,,,,,,,,,,
247,Galindo F.,Galindo F.,,,,,,,,,,,,
248,Accion Andina-Bolivia,Accion Andina-Bolivia,,,,,,,,,,,,
249,Arbona J.,Arbona J.,,,,,,,,,,,,
250,Vasquez F.,Vasquez F.,,,,,,,,,,,,
251,Aranda V.,Aranda V.,,,,,,,,,,,,
252,Salazar de la Torre C.,Salazar de la Torre C.,,,,,,,,,,,,
253,Torrico E.,Torrico E.,,,,,,,,,,,,
254,"Sanchez Patzy M.,Quispe Escobar A.",Sanchez Patzy M.,Quispe Escobar A.,,,,,,,,,,,
255,Reyes A.,Reyes A.,,,,,,,,,,,,
256,Cardenas C.,Cardenas C.,,,,,,,,,,,,
257,Saavedra L.,Saavedra L.,,,,,,,,,,,,
258,Gustafson B.,Gustafson B.,,,,,,,,,,,,
259,Blanco C.,Blanco C.,,,,,,,,,,,,
260,Moreno A.,Moreno A.,,,,,,,,,,,,
261,Bolivar H.,Bolivar H.,,,,,,,,,,,,
262,Prado F.,Prado F.,,,,,,,,,,,,
263,Lara A.,Lara A.,,,,,,,,,,,,
264,Steinbach I.,Steinbach I.,,,,,,,,,,,,
265,Yepez del Castillo I.,Yepez del Castillo I.,,,,,,,,,,,,
266,Vallejo G.,Vallejo G.,,,,,,,,,,,,
267,Solares H.,Solares H.,,,,,,,,,,,,
268,Mazurek H.,Mazurek H.,,,,,,,,,,,,
269,Torrez Y.,Torrez Y.,,,,,,,,,,,,
270,"Pereira Morato R.,Montaño Garcia J.",Pereira Morato R.,Montaño Garcia J.,,,,,,,,,,,
271,Villegas H.,Villegas H.,,,,,,,,,,,,
272,Flores Quispe G.,Flores Quispe G.,,,,,,,,,,,,
273,CEPLAG,CEPLAG,,,,,,,,,,,,
274,Barrientos A.,Barrientos A.,,,,,,,,,,,,
275,de Marchi B.,de Marchi B.,,,,,,,,,,,,
276,"Mayorga F.,Moreno D.,Vargas G.",Mayorga F.,Moreno D.,Vargas G.,,,,,,,,,,
277,Arebalo M.,Arebalo M.,,,,,,,,,,,,
278,"Carlo C.,Aguilar C.,Ventura L.,Arauz I.",Carlo C.,Aguilar C.,Ventura L.,Arauz I.,,,,,,,,,
279,"Ayo D.,Fernandez M.,Kudelka A.,Arequipa M.,Moldiz C.",Ayo D.,Fernandez M.,Kudelka A.,Arequipa M.,Moldiz C.,,,,,,,,
280,"Tassi N.,Medeiros C.,Rodriguez-Carmona A.,Ferrifuno G.",Tassi N.,Medeiros C.,Rodriguez-Carmona A.,Ferrifuno G.,,,,,,,,,
281,"Spedding A.,Flores G.,Aguilar N.",Spedding A.,Flores G.,Aguilar N.,,,,,,,,,,
282,"Sandoval D.,Chirino F.,Gutierrez G.",Sandoval D.,Chirino F.,Gutierrez G.,,,,,,,,,,
283,"Severiche S.,Infantas K.,Selaya I.",Severiche S.,Infantas K.,Selaya I.,,,,,,,,,,
284,Quispe Escobar A.,Quispe Escobar A.,,,,,,,,,,,,
285,Torrico E.,Torrico E.,,,,,,,,,,,,
286,"Ventura G.,Torrico C.",Ventura G.,Torrico C.,,,,,,,,,,,
287,Canedo G.,Canedo G.,,,,,,,,,,,,
288,Torrico E.,Torrico E.,,,,,,,,,,,,
289,Ledo C.,Ledo C.,,,,,,,,,,,,
290,Choque M.,Choque M.,,,,,,,,,,,,
291,Bolivar H.,Bolivar H.,,,,,,,,,,,,
292,Fernandez Valverrama L.,Fernandez Valverrama L.,,,,,,,,,,,,
293,Quiroga M.,Quiroga M.,,,,,,,,,,,,
294,Torrez G.,Torrez G.,,,,,,,,,,,,
295,Manzano N.,Manzano N.,,,,,,,,,,,,
296,Cordova Stroobandt K.,Cordova Stroobandt K.,,,,,,,,,,,,
297,Borda Orellana A.,Borda Orellana A.,,,,,,,,,,,,
298,"Zamora E.,Contreras A.",Zamora E.,Contreras A.,,,,,,,,,,,
299,"Urzagasti E.,Tayarapo B.,Justiniano H.",Urzagasti E.,Tayarapo B.,Justiniano H.,,,,,,,,,,
300,"Gonzales G.,Serrano J.",Gonzales G.,Serrano J.,,,,,,,,,,,
301,"Mamani J.,Gutierrez F.,Vaca H.",Mamani J.,Gutierrez F.,Vaca H.,,,,,,,,,,
302,"Marca J.,Baigoria L.,Velarde M.",Marca J.,Baigoria L.,Velarde M.,,,,,,,,,,
303,Prado F.,Prado F.,,,,,,,,,,,,
304,Urzagasti E.,Urzagasti E.,,,,,,,,,,,,
305,"Gonzales F.,Serrano J.",Gonzales F.,Serrano J.,,,,,,,,,,,
306,"Severiche S.,Selaya I.,Infantas K.",Severiche S.,Selaya I.,Infantas K.,,,,,,,,,,
307,Sanabria C.,Sanabria C.,,,,,,,,,,,,
308,Soux M.,Soux M.,,,,,,,,,,,,
309,Moreno Valdivia A.,Moreno Valdivia A.,,,,,,,,,,,,
310,Ballesteros Trujillo B.,Ballesteros Trujillo B.,,,,,,,,,,,,
311,Ledo C.,Ledo C.,,,,,,,,,,,,
312,Vargas N.,Vargas N.,,,,,,,,,,,,
313,Red Habitat,Red Habitat,,,,,,,,,,,,
314,Urquieta P.,Urquieta P.,,,,,,,,,,,,
315,Vargas N.,Vargas N.,,,,,,,,,,,,
316,Paz M.,Paz M.,,,,,,,,,,,,
317,"Calle V.,Sainz J.",Calle V.,Sainz J.,,,,,,,,,,,
318,Gaymer M.,Gaymer M.,,,,,,,,,,,,
319,Bedregal J.,Bedregal J.,,,,,,,,,,,,
320,Espinosa O.,Espinosa O.,,,,,,,,,,,,
321,Gaymer M.,Gaymer M.,,,,,,,,,,,,
322,Dockweiller C.,Dockweiller C.,,,,,,,,,,,,
323,Villarreal V.,Villarreal V.,,,,,,,,,,,,
324,Villanueva E.,Villanueva E.,,,,,,,,,,,,
325,Nuñez J.,Nuñez J.,,,,,,,,,,,,
326,Vargas J.,Vargas J.,,,,,,,,,,,,
327,"Sainz J.,Calle V.,Sepulveda G.",Sainz J.,Calle V.,Sepulveda G.,,,,,,,,,,
328,"Mollericona J.,Copa J.,Villca S.",Mollericona J.,Copa J.,Villca S.,,,,,,,,,,
329,"Pereira Morato R.,Velasco A.,Mendoza R.",Pereira Morato R.,Velasco A.,Mendoza R.,,,,,,,,,,
330,Sandoval G.,Sandoval G.,,,,,,,,,,,,
331,Pereira Morato R.,Pereira Morato R.,,,,,,,,,,,,
332,Aramayo L.,Aramayo L.,,,,,,,,,,,,
333,Mollericona J.,Mollericona J.,,,,,,,,,,,,
334,Antequera N.,Antequera N.,,,,,,,,,,,,
335,Lizarraga K.,Lizarraga K.,,,,,,,,,,,,
336,Nichols P.,Nichols P.,,,,,,,,,,,,
337,"Pereira Morato R.,Lopez Fernandez D.",Pereira Morato R.,Lopez Fernandez D.,,,,,,,,,,,
338,Müller J.,Müller J.,,,,,,,,,,,,
339,Moreno Valdivia A.,Moreno Valdivia A.,,,,,,,,,,,,
340,Ramirez A.,Ramirez A.,,,,,,,,,,,,
341,Aramburo T.,Aramburo T.,,,,,,,,,,,,
342,Villarroel P.,Villarroel P.,,,,,,,,,,,,
343,Saavedra L.,Saavedra L.,,,,,,,,,,,,
344,Cordova E.,Cordova E.,,,,,,,,,,,,
345,Roncken T.,Roncken T.,,,,,,,,,,,,
346,Chacin J.,Chacin J.,,,,,,,,,,,,
347,Matthews C.,Matthews C.,,,,,,,,,,,,
348,Matthews C.,Matthews C.,,,,,,,,,,,,
349,Matthews C.,Matthews C.,,,,,,,,,,,,
350,Matthews C.,Matthews C.,,,,,,,,,,,,
351,"Veizaga J.,Quillaguaman K.,Jimenez S.,Rubiano M.,Burbano A.,Ortiz I.,Lopez J.",Veizaga J.,Quillaguaman K.,Jimenez S.,Rubiano M.,Burbano A.,Ortiz I.,Lopez J.,,,,,,
352,Bolivar H.,Bolivar H.,,,,,,,,,,,,
353,"Saldaña L.,Ovando D.,Ramos L.,Valdez V.,Leigue M.,Delgado M.,Delgado B.,Brozovic F.,Brozovic T.",Saldaña L.,Ovando D.,Ramos L.,Valdez V.,Leigue M.,Delgado M.,Delgado B.,Brozovic F.,Brozovic T.,,,,
354,Diaz M.,Diaz M.,,,,,,,,,,,,
355,Arebalo M.,Arebalo M.,,,,,,,,,,,,
356,Laserna R.,Laserna R.,,,,,,,,,,,,
357,Vargas G.,Vargas G.,,,,,,,,,,,,
358,Roman O.,Roman O.,,,,,,,,,,,,
359,"Gottlieh E.,Lange A.,Orias C.",Gottlieh E.,Lange A.,Orias C.,,,,,,,,,,
360,Moreno D.,Moreno D.,,,,,,,,,,,,
361,"Delgado M.,Maldonado C.",Delgado M.,Maldonado C.,,,,,,,,,,,
362,Flores G.,Flores G.,,,,,,,,,,,,
363,Zegada M.,Zegada M.,,,,,,,,,,,,
364,Cuba L.,Cuba L.,,,,,,,,,,,,
365,Barroso J.,Barroso J.,,,,,,,,,,,,
366,"Zegada A., Bustamante R.",Zegada A., Bustamante R.,,,,,,,,,,,
367,Perez J.,Perez J.,,,,,,,,,,,,
368,Sichra I.,Sichra I.,,,,,,,,,,,,
369,Prado F.,Prado F.,,,,,,,,,,,,
370,Sandoval G.,Sandoval G.,,,,,,,,,,,,
371,Freitas J.,Freitas J.,,,,,,,,,,,,
372,Caero Padilla M.,Caero Padilla M.,,,,,,,,,,,,
373,Aleman Vargas L.,Aleman Vargas L.,,,,,,,,,,,,
374,Moreno Valdivia A.,Moreno Valdivia A.,,,,,,,,,,,,
375,Copa Uyuni J.,Copa Uyuni J.,,,,,,,,,,,,
376,Torrez Canedo E.,Torrez Canedo E.,,,,,,,,,,,,
377,Aramburo D.,Aramburo D.,,,,,,,,,,,,
378,Saavedra L.,Saavedra L.,,,,,,,,,,,,
379,Torralba M.,Torralba M.,,,,,,,,,,,,
380,Cruz Ticona D.,Cruz Ticona D.,,,,,,,,,,,,
381,Villarroel P.,Villarroel P.,,,,,,,,,,,,
382,Cespedes R.,Cespedes R.,,,,,,,,,,,,
383,Ramirez A.,Ramirez A.,,,,,,,,,,,,
384,Chacin J.,Chacin J.,,,,,,,,,,,,
385,Roncken van Heel T.,Roncken van Heel T.,,,,,,,,,,,,
386,Aramburo T.,Aramburo T.,,,,,,,,,,,,
387,Camacho M.,Camacho M.,,,,,,,,,,,,
388,Kronk S.,Kronk S.,,,,,,,,,,,,
389,Malloy M.,Malloy M.,,,,,,,,,,,,
390,Malloy M.,Malloy M.,,,,,,,,,,,,
391,Chan A.,Chan A.,,,,,,,,,,,,
392,RENASEH,RENASEH,,,,,,,,,,,,
393,Urquieta P.,Urquieta P.,,,,,,,,,,,,
394,"Aquino E.,Rojas M.,Espinoza J.,Vallejo E.,Lozano D.,Torrico F.",Aquino E.,Rojas M.,Espinoza J.,Vallejo E.,Lozano D.,Torrico F.,,,,,,,
395,"Gonzales N.,Lujan M.,Navarro G.,Flores R.",Gonzales N.,Lujan M.,Navarro G.,Flores R.,,,,,,,,,
396,"de La Fuente M.,Cabrera J.",de La Fuente M.,Cabrera J.,,,,,,,,,,,
397,Diaz M.,Diaz M.,,,,,,,,,,,,
398,Diaz M.,Diaz M.,,,,,,,,,,,,
399,Hentschel J.,Hentschel J.,,,,,,,,,,,,
400,Laserna R.,Laserna R.,,,,,,,,,,,,
401,Barroso J.,Barroso J.,,,,,,,,,,,,
402,Cuba A.,Cuba A.,,,,,,,,,,,,
403,Rivera A.,Rivera A.,,,,,,,,,,,,
404,"Cuba L.,Loayza D.",Cuba L.,Loayza D.,,,,,,,,,,,
405,Rivero Ostoic A.,Rivero Ostoic A.,,,,,,,,,,,,
406,"Dacosta R.,Moreno D.",Dacosta R.,Moreno D.,,,,,,,,,,,
407,Laserna S.,Laserna S.,,,,,,,,,,,,
408,Benavides J.,Benavides J.,,,,,,,,,,,,
409,Laserna R.,Laserna R.,,,,,,,,,,,,
410,"Ramirez A.,Camacho M.",Ramirez A.,Camacho M.,,,,,,,,,,,
411,Solares H.,Solares H.,,,,,,,,,,,,
412,Torralba M.,Torralba M.,,,,,,,,,,,,
413,Cespedes R.,Cespedes R.,,,,,,,,,,,,
414,Ramirez A.,Ramirez A.,,,,,,,,,,,,
415,Prado F.,Prado F.,,,,,,,,,,,,
416,Perez de Rada E.,Perez de Rada E.,,,,,,,,,,,,
417,Urquizo C.,Urquizo C.,,,,,,,,,,,,
418,Blanco C.,Blanco C.,,,,,,,,,,,,
419,Requena C.,Requena C.,,,,,,,,,,,,
420,"Cabrera J.,Torrico E.,Delgado M.",Cabrera J.,Torrico E.,Delgado M.,,,,,,,,,,
421,Quillaguaman K.,Quillaguaman K.,,,,,,,,,,,,
422,Nina O.,Nina O.,,,,,,,,,,,,
423,"Copa Uyuni J.,Poma Calle W.",Copa Uyuni J.,Poma Calle W.,,,,,,,,,,,
424,Sanchez Serrano R.,Sanchez Serrano R.,,,,,,,,,,,,
425,Prado F.,Prado F.,,,,,,,,,,,,
426,Escalera N.,Escalera N.,,,,,,,,,,,,
427,"Cabrera J.,Cabrera L.",Cabrera J.,Cabrera L.,,,,,,,,,,,
428,"Blanco V.,Camacho M.,Jimenez S.,Quillaguaman K.,Veizaga J.",Blanco V.,Camacho M.,Jimenez S.,Quillaguaman K.,Veizaga J.,,,,,,,,
429,RENASEH,RENASEH,,,,,,,,,,,,
430,"Calla L.,Lujan M.",Calla L.,Lujan M.,,,,,,,,,,,
431,"Sainz J.,Calle V.",Sainz J.,Calle V.,,,,,,,,,,,
432,Ramirez A.,Ramirez A.,,,,,,,,,,,,
433,"Fernandez Vasquez C.,Fernandez Fuentes M.",Fernandez Vasquez C.,Fernandez Fuentes M.,,,,,,,,,,,
434,Crespo C.,Crespo C.,,,,,,,,,,,,
435,Corzo R.,Corzo R.,,,,,,,,,,,,
436,Diaz M.,Diaz M.,,,,,,,,,,,,
437,"Lewandowski S.,Urquieta P.,Cavagnoud R.",Lewandowski S.,Urquieta P.,Cavagnoud R.,,,,,,,,,,
438,Perales V.,Perales V.,,,,,,,,,,,,
439,Suarez H.,Suarez H.,,,,,,,,,,,,
440,Prado F.,Prado F.,,,,,,,,,,,,
441,"Pereira Morato R.,Lopez Fernandez D.",Pereira Morato R.,Lopez Fernandez D.,,,,,,,,,,,
442,Cabrera J.,Cabrera J.,,,,,,,,,,,,
443,Mamani V.,Mamani V.,,,,,,,,,,,,
444,Urquieta P.,Urquieta P.,,,,,,,,,,,,
445,"Tassi N., Canedo M.",Tassi N., Canedo M.,,,,,,,,,,,
446,Vera Zegarra M.,Vera Zegarra M.,,,,,,,,,,,,
447,Leon Salinas J.,Leon Salinas J.,,,,,,,,,,,,
448,Llanos Layme D.,Llanos Layme D.,,,,,,,,,,,,
449,Murillo M.,Murillo M.,,,,,,,,,,,,
450,Paucara Condori L.,Paucara Condori L.,,,,,,,,,,,,
451,"Loza A.,Anaya M.",Loza A.,Anaya M.,,,,,,,,,,,
452,Anaya M.,Anaya M.,,,,,,,,,,,,
453,Cabrera J.,Cabrera J.,,,,,,,,,,,,
454,"Arze B.,Basto S.,Cabero R.,Delgadillo J.,Fernandez G.,Gutierrez O.,Maldonado L.,Martinis M.,Melgar M.,Navarro J.,Perez A.,Tames V.,Valero L.",Arze B.,Basto S.,Cabero R.,Delgadillo J.,Fernandez G.,Gutierrez O.,Maldonado L.,Martinis M.,Melgar M.,Navarro J.,Perez A.,Tames V.,Valero L.
455,Jimenez N.,Jimenez N.,,,,,,,,,,,,
456,Salazar D.,Salazar D.,,,,,,,,,,,,
457,Arze A.,Arze A.,,,,,,,,,,,,
458,Contreras R.,Contreras R.,,,,,,,,,,,,
459,Becerra D.,Becerra D.,,,,,,,,,,,,
460,Sainz J.,Sainz J.,,,,,,,,,,,,
461,Calle V.,Calle V.,,,,,,,,,,,,
462,Mamani P.,Mamani P.,,,,,,,,,,,,
463,Hilari S.,Hilari S.,,,,,,,,,,,,
464,Macusaya C.,Macusaya C.,,,,,,,,,,,,
465,Manuel J.,Manuel J.,,,,,,,,,,,,
466,Vargas Sola E.,Vargas Sola E.,,,,,,,,,,,,
467,Ramoneda A.,Ramoneda A.,,,,,,,,,,,,
468,Garcia Hernandez L.,Garcia Hernandez L.,,,,,,,,,,,,
469,Ledo C.,Ledo C.,,,,,,,,,,,,
470,Tudela Canaviri M.,Tudela Canaviri M.,,,,,,,,,,,,
471,Escobar X.,Escobar X.,,,,,,,,,,,,
472,"Perez Mercado M.,Perez Mercado L.,Perez Mercado C.",Perez Mercado M.,Perez Mercado L.,Perez Mercado C.,,,,,,,,,,
473,Davalos J.,Davalos J.,,,,,,,,,,,,
474,Perales V.,Perales V.,,,,,,,,,,,,
475,Pablo D.,Pablo D.,,,,,,,,,,,,
476,Ferrufino A.,Ferrufino A.,,,,,,,,,,,,
477,Hardy S.,Hardy S.,,,,,,,,,,,,
478,Bustamante R.,Bustamante R.,,,,,,,,,,,,
479,"Le Gouill C.,Poupeau F.",Le Gouill C.,Poupeau F.,,,,,,,,,,,
480,Torrico E.,Torrico E.,,,,,,,,,,,,
481,Ferrufino A.,Ferrufino A.,,,,,,,,,,,,
482,Torrico E.,Torrico E.,,,,,,,,,,,,
483,Perales V.,Perales V.,,,,,,,,,,,,
484,Escobar X.,Escobar X.,,,,,,,,,,,,
485,Davalos J.,Davalos J.,,,,,,,,,,,,
486,Tudela Canaviri M.,Tudela Canaviri M.,,,,,,,,,,,,
487,Ojeda Copa A.,Ojeda Copa A.,,,,,,,,,,,,
488,"Crespo C.,Crespo L.",Crespo C.,Crespo L.,,,,,,,,,,,
489,"Cabrera J.,Escobar A.,Ugarte M.",Cabrera J.,Escobar A.,Ugarte M.,,,,,,,,,,
490,Osorio Borrero M.,Osorio Borrero M.,,,,,,,,,,,,
491,Quillaguaman K.,Quillaguaman K.,,,,,,,,,,,,
492,Rodriguez G.,Rodriguez G.,,,,,,,,,,,,
493,Rodriguez G.,Rodriguez G.,,,,,,,,,,,,
494,Quillaguaman K.,Quillaguaman K.,,,,,,,,,,,,
495,RENASEH,RENASEH,,,,,,,,,,,,
496,"Santa Cruz X.,Moscoso M.",Santa Cruz X.,Moscoso M.,,,,,,,,,,,
497,Mazurek H.,Mazurek H.,,,,,,,,,,,,
498,Fundacion Alternativas,Fundacion Alternativas,,,,,,,,,,,,
499,"Comite Municipal de Seguridad Alimentaria de el Alto,Fundacion Alternativas",Comite Municipal de Seguridad Alimentaria de el Alto,Fundacion Alternativas,,,,,,,,,,,
500,"Conde A.,Thellaeche J.,Teran G.",Conde A.,Thellaeche J.,Teran G.,,,,,,,,,,
501,"Weiss S.,Cabrera J.",Weiss S.,Cabrera J.,,,,,,,,,,,
502,Fernandez B.,Fernandez B.,,,,,,,,,,,,
503,"Ugarte M.,Cabrera J.",Ugarte M.,Cabrera J.,,,,,,,,,,,
504,"Cabrera J.,Escobar A.",Cabrera J.,Escobar A.,,,,,,,,,,,
505,Peñaranda E.,Peñaranda E.,,,,,,,,,,,,
506,Peredo V.,Peredo V.,,,,,,,,,,,,
507,Ruiz Garvia R.,Ruiz Garvia R.,,,,,,,,,,,,